<?xml version="1.0" encoding="UTF-8"?>
<assembly xmlns="http://maven.apache.org/POM/4.0.0" xmlns:xsi="http://www.w3.org/2001/XMLSchema-instance"
    xsi:schemaLocation="http://maven.apache.org/POM/4.0.0 http://maven.apache.org/xsd/assembly-1.0.0.xsd">
    <id />
    <formats>
        <format>zip</format>
    </formats>
    <includeBaseDirectory>true</includeBaseDirectory>
    <dependencySets>
        <dependencySet>
            <outputDirectory>.</outputDirectory>
        </dependencySet>
    </dependencySets>
            
</assembly>